from,to,old_title,log_hits,log_search_visits,reason
/is-freetaxusa-legit-or-scam/,/freetaxusa-explained/,Is FreeTaxUSA Legit or a Scam? Reviews and Complaints,29,1,same entity as the live canonical page; old duplicate review-style URL
/is-welocalize-legit-or-scam-reviews-and-complaints/,/welocalize-explained/,Is Welocalize Legit? Full Review for Freelancers 2026,120,4,same entity as the live canonical page; old duplicate review-style URL
/is-data-annotation-legit-or-scam/,/dataannotation-explained/,Is Data Annotation Legit or a Scam? Reviews,36,1,same entity as the live canonical page; old duplicate review-style URL
/is-temu-legit-or-scam/,/temu-explained/,Is Temu Legit or a Scam? Reviews and Complaints 2026,37,0,same entity as the live canonical page; old duplicate review-style URL
/is-alibaba-legit-or-scam/,/alibaba-com-explained/,Is Alibaba Legit or a Scam? Reviews and Complaints 2026,30,0,same entity as the live canonical page; old duplicate review-style URL
/is-stubhub-legit-or-scam/,/stubhub-and-viagogo-explained/,Is StubHub Legit or a Scam? Reviews and Complaints,33,0,same entity as the live canonical page; old duplicate review-style URL
/is-viagogo-legit-or-scam/,/stubhub-and-viagogo-explained/,Is Viagogo Legit or a Scam? Reviews and Complaints,38,0,same entity as the live canonical page; old duplicate review-style URL
/is-kiwi-com-legit-or-scam/,/kiwi-com-explained/,Is Kiwi.com Legit or a Scam? Reviews and Complaints,28,0,same entity as the live canonical page; old duplicate review-style URL
/is-trip-com-legit-or-scam/,/trip-com-explained/,Is Trip.com Legit or a Scam? Reviews and Complaints,43,0,same entity as the live canonical page; old duplicate review-style URL
/insurify-scam-or-legit/,/insurify-explained/,Insurify Scam or Legit? Reviews and Complaints,33,1,same entity as the live canonical page; old duplicate review-style URL
/is-booking-com-legit-or-scam/,/booking-com-explained/,Is Booking.com Legit or a Scam? Reviews and Complaints,31,1,same entity as the live canonical page; old duplicate review-style URL
/expedia-complaints-how-to-resolve/,/expedia-group-explained/,Expedia Complaints: How to Get Your Issue Resolved,33,1,same entity as the live canonical page; old duplicate review-style URL
/is-stockx-legit/,/stockx-explained/,Is StockX Legit? Everything You Need to Know Before Buying o,43,3,same entity as the live canonical page; old duplicate review-style URL
/is-back-market-legit/,/back-market-explained/,Is Back Market Legit? Buying Refurbished Electronics Reviewe,38,3,same entity as the live canonical page; old duplicate review-style URL
/is-depop-legit/,/depop-explained/,Is Depop Legit? What Buyers and Sellers Need to Know,32,2,same entity as the live canonical page; old duplicate review-style URL
/is-whatnot-legit/,/whatnot-explained/,Is Whatnot Legit? Live Shopping and Collectibles App Reviewe,39,4,same entity as the live canonical page; old duplicate review-style URL
/is-stubhub-legit/,/stubhub-and-viagogo-explained/,Is StubHub Legit? What Ticket Buyers Need to Know in 2026,51,3,same entity as the live canonical page; old duplicate review-style URL
/is-temu-legit/,/temu-explained/,Is Temu Legit or a Scam? The Full Honest Review,42,1,same entity as the live canonical page; old duplicate review-style URL
/is-data-annotation-legit/,/dataannotation-explained/,Is Data Annotation Legit? AI Training Work-From-Home Job Rev,39,3,same entity as the live canonical page; old duplicate review-style URL
/is-shein-legit/,/shein-explained/,Is Shein Legit? The Full Honest Review of the Ultra-Fast Fas,44,1,same entity as the live canonical page; old duplicate review-style URL
/is-welocalize-legit-or-scam-reviews-and-complaints-2/,/welocalize-explained/,Is Welocalize Legit or a Scam? Reviews and Complaints 2026,72,2,same entity as the live canonical page; old duplicate review-style URL
/is-aliexpress-legit-or-scam/,/aliexpress-explained/,Is AliExpress Legit or a Scam? Reviews and Complaints 2026,30,0,same entity as the live canonical page; old duplicate review-style URL
/is-viagogo-legit/,/stubhub-and-viagogo-explained/,Is Viagogo Legit? Viagogo Ticket Review 2026,42,0,same entity as the live canonical page; old duplicate review-style URL
/is-temu-legit-or-scam-2026/,/temu-explained/,Is Temu Legit or a Scam? Reviews and Complaints 2026,43,0,same entity as the live canonical page; old duplicate review-style URL
/is-wayfair-legit-or-scam/,/wayfair-explained/,Is Wayfair Legit or a Scam? Reviews and Complaints 2026,46,1,same entity as the live canonical page; old duplicate review-style URL
/is-handshake-ai-legit-or-scam/,/handshake-ai-explained/,Is Handshake AI Legit or a Scam? Reviews and Complaints,50,1,same entity as the live canonical page; old duplicate review-style URL
/is-back-market-legit-or-scam/,/back-market-explained/,Is Back Market Legit or a Scam? Reviews and Complaints,48,1,same entity as the live canonical page; old duplicate review-style URL
/is-handshake-ai-legit-reviews-2026/,/handshake-ai-explained/,Is Handshake AI Legit or a Scam? Reviews and Complaints 2026,48,1,same entity as the live canonical page; old duplicate review-style URL
